Designator,Part,LCSC,Role
U1,MDBT50Q-1MV2,C5118826,BLE Core
J1,FH34SRJ-40S-0.5SH(50),C506798,IO<->Core 40P FFC
J2,TYPE-C-31-M-12,C165948,USB-C
D1,USBLC6-2SC6,C7519,USB ESD
U2,TPS61099DRVR,C2842395,VSYS to 3V3 converter
U3,TPS7A2033PDBVR,,USB VBUS to 3V3 LDO
U4,TPS2116DRLR,,3V3 power mux
L1,2.2uH shielded,,TPS61099 inductor
R1,576k 1%,,TPS61099 FB upper
R2,249k 1%,,TPS61099 FB lower
R3,100k 1%,,TPS2116 PR1 upper
R4,47k 1%,,TPS2116 PR1 lower
CIN,10uF,,power input bulk
COUT,10uF,,power output bulk
CUSB,1uF,,TPS7A20 input/output per datasheet
C3V3,10uF,,3V3 local bulk
